Date,Store,Daily_Revenue
2023-01-01,Store_A,1217.38
2023-01-02,Store_A,1017.54
2023-01-03,Store_A,1022.07
2023-01-04,Store_A,1050.82
2023-01-05,Store_A,888.55
2023-01-06,Store_A,943.69
2023-01-07,Store_A,1331.33
2023-01-08,Store_A,1230.63
2023-01-09,Store_A,956.87
2023-01-10,Store_A,971.7
2023-01-11,Store_A,958.11
2023-01-12,Store_A,928.65
2023-01-13,Store_A,946.62
2023-01-14,Store_A,1127.42
2023-01-15,Store_A,1171.34
2023-01-16,Store_A,944.96
2023-01-17,Store_A,990.15
2023-01-18,Store_A,1022.2
2023-01-19,Store_A,1096.88
2023-01-20,Store_A,1073.08
2023-01-21,Store_A,1246.66
2023-01-22,Store_A,1172.17
2023-01-23,Store_A,1077.55
2023-01-24,Store_A,1048.18
2023-01-25,Store_A,1056.21
2023-01-26,Store_A,931.67
2023-01-27,Store_A,994.11
2023-01-28,Store_A,1189.34
2023-01-29,Store_A,1168.32
2023-01-30,Store_A,979.44
2023-01-31,Store_A,1008.11
2023-02-01,Store_A,1010.31
2023-02-02,Store_A,1001.34
2023-02-03,Store_A,938.03
2023-02-04,Store_A,1208.89
2023-02-05,Store_A,1244.95
2023-02-06,Store_A,909.33
2023-02-07,Store_A,1004.19
2023-02-08,Store_A,982.25
2023-02-09,Store_A,968.05
2023-02-10,Store_A,956.73
2023-02-11,Store_A,1155.32
2023-02-12,Store_A,1160.56
2023-02-13,Store_A,971.06
2023-02-14,Store_A,951.91
2023-02-15,Store_A,1009.61
2023-02-16,Store_A,992.25
2023-02-17,Store_A,1056.86
2023-02-18,Store_A,1192.87
2023-02-19,Store_A,1243.83
2023-02-20,Store_A,1053.83
2023-02-21,Store_A,1025.18
2023-02-22,Store_A,980.88
2023-02-23,Store_A,980.04
2023-02-24,Store_A,996.3
2023-02-25,Store_A,1183.54
2023-02-26,Store_A,1180.99
2023-02-27,Store_A,995.23
2023-02-28,Store_A,967.07
2023-03-01,Store_A,1061.63
2023-03-02,Store_A,1012.36
2023-03-03,Store_A,993.94
2023-03-04,Store_A,1235.46
2023-03-05,Store_A,1174.7
2023-03-06,Store_A,981.56
2023-03-07,Store_A,941.17
2023-03-08,Store_A,1021.15
2023-03-09,Store_A,916.73
2023-03-10,Store_A,1055.81
2023-03-11,Store_A,1215.4
2023-03-12,Store_A,1141.58
2023-03-13,Store_A,987.78
2023-03-14,Store_A,972.47
2023-03-15,Store_A,1105.49
2023-03-16,Store_A,1040.97
2023-03-17,Store_A,989.76
2023-03-18,Store_A,1260.29
2023-03-19,Store_A,1296.18
2023-03-20,Store_A,1035.06
2023-03-21,Store_A,970.41
2023-03-22,Store_A,944.5
2023-03-23,Store_A,996.8
2023-03-24,Store_A,1032.64
2023-03-25,Store_A,1240.36
2023-03-26,Store_A,1164.88
2023-03-27,Store_A,992.58
2023-03-28,Store_A,997.69
2023-03-29,Store_A,1016.83
2023-03-30,Store_A,1016.85
2023-03-31,Store_A,973.21
2023-04-01,Store_A,1149.69
2023-04-02,Store_A,1233.2
2023-04-03,Store_A,1086.05
2023-04-04,Store_A,997.23
2023-04-05,Store_A,999.02
2023-04-06,Store_A,1013.53
2023-04-07,Store_A,1022.88
2023-04-08,Store_A,1166.78
2023-04-09,Store_A,1205.55
2023-04-10,Store_A,942.55
2023-04-11,Store_A,1060.59
2023-04-12,Store_A,948.98
2023-04-13,Store_A,1055.36
2023-04-14,Store_A,1001.33
2023-04-15,Store_A,1261.15
2023-04-16,Store_A,1245.7
2023-04-17,Store_A,974.33
2023-04-18,Store_A,1043.17
2023-04-19,Store_A,974.07
2023-04-20,Store_A,1053.81
2023-04-21,Store_A,963.3
2023-04-22,Store_A,1319.89
2023-04-23,Store_A,1226.73
2023-04-24,Store_A,932.78
2023-04-25,Store_A,981.05
2023-04-26,Store_A,1095.36
2023-04-27,Store_A,938.28
2023-04-28,Store_A,999.53
2023-04-29,Store_A,1190.68
2023-04-30,Store_A,1297.97
2023-05-01,Store_A,1013.97
2023-05-02,Store_A,977.46
2023-05-03,Store_A,1036.12
2023-05-04,Store_A,992.11
2023-05-05,Store_A,1039.69
2023-05-06,Store_A,1193.66
2023-05-07,Store_A,1165.01
2023-05-08,Store_A,1013.7
2023-05-09,Store_A,924.9
2023-05-10,Store_A,949.62
2023-05-11,Store_A,979.88
2023-05-12,Store_A,977.58
2023-05-13,Store_A,1207.66
2023-05-14,Store_A,1171.08
2023-05-15,Store_A,1070.47
2023-05-16,Store_A,952.74
2023-05-17,Store_A,1089.51
2023-05-18,Store_A,1010.36
2023-05-19,Store_A,1053.73
2023-05-20,Store_A,1134.47
2023-05-21,Store_A,1225.65
2023-05-22,Store_A,1004.36
2023-05-23,Store_A,956.11
2023-05-24,Store_A,1128.47
2023-05-25,Store_A,913.94
2023-05-26,Store_A,976.54
2023-05-27,Store_A,1114.13
2023-05-28,Store_A,1223.67
2023-05-29,Store_A,1030.68
2023-05-30,Store_A,957.57
2023-05-31,Store_A,975.05
2023-06-01,Store_A,992.55
2023-06-02,Store_A,1069.67
2023-06-03,Store_A,1159.68
2023-06-04,Store_A,1230.85
2023-06-05,Store_A,997.27
2023-06-06,Store_A,1016.37
2023-06-07,Store_A,1075.8
2023-06-08,Store_A,1045.25
2023-06-09,Store_A,966.89
2023-06-10,Store_A,1183.48
2023-06-11,Store_A,1192.84
2023-06-12,Store_A,994.44
2023-06-13,Store_A,941.75
2023-06-14,Store_A,967.79
2023-06-15,Store_A,914.27
2023-06-16,Store_A,956.6
2023-06-17,Store_A,1193.55
2023-06-18,Store_A,1228.43
2023-06-19,Store_A,982.52
2023-06-20,Store_A,950.4
2023-06-21,Store_A,1059.6
2023-06-22,Store_A,1065.54
2023-06-23,Store_A,1011.35
2023-06-24,Store_A,1223.16
2023-06-25,Store_A,1231.9
2023-06-26,Store_A,984.08
2023-06-27,Store_A,1069.39
2023-06-28,Store_A,1076.43
2023-06-29,Store_A,964.69
2023-06-30,Store_A,1027.14
2023-07-01,Store_A,1212.32
2023-07-02,Store_A,1178.88
2023-07-03,Store_A,940.42
2023-07-04,Store_A,952.01
2023-07-05,Store_A,1058.74
2023-07-06,Store_A,1000.88
2023-07-07,Store_A,950.7
2023-07-08,Store_A,1275.47
2023-07-09,Store_A,1325.16
2023-07-10,Store_A,1043.51
2023-07-11,Store_A,1000.57
2023-07-12,Store_A,1020.49
2023-07-13,Store_A,1025.88
2023-07-14,Store_A,999.91
2023-07-15,Store_A,1265.81
2023-07-16,Store_A,1284.07
2023-07-17,Store_A,995.05
2023-07-18,Store_A,983.57
2023-07-19,Store_A,897.91
2023-07-20,Store_A,958.05
2023-07-21,Store_A,974.03
2023-07-22,Store_A,1229.29
2023-07-23,Store_A,1250.71
2023-07-24,Store_A,977.05
2023-07-25,Store_A,963.63
2023-07-26,Store_A,983.19
2023-07-27,Store_A,999.38
2023-07-28,Store_A,951.4
2023-07-29,Store_A,1264.94
2023-07-30,Store_A,1195.7
2023-07-31,Store_A,908.51
2023-08-01,Store_A,979.69
2023-08-02,Store_A,999.54
2023-08-03,Store_A,942.49
2023-08-04,Store_A,998.72
2023-08-05,Store_A,1220.05
2023-08-06,Store_A,1142.36
2023-08-07,Store_A,997.26
2023-08-08,Store_A,994.44
2023-08-09,Store_A,955.26
2023-08-10,Store_A,979.73
2023-08-11,Store_A,1039.01
2023-08-12,Store_A,1228.61
2023-08-13,Store_A,1210.08
2023-08-14,Store_A,992.95
2023-08-15,Store_A,940.32
2023-08-16,Store_A,995.76
2023-08-17,Store_A,1008.19
2023-08-18,Store_A,892.94
2023-08-19,Store_A,1267.35
2023-08-20,Store_A,1200.26
2023-08-21,Store_A,1022.85
2023-08-22,Store_A,1043.85
2023-08-23,Store_A,1018.49
2023-08-24,Store_A,994.51
2023-08-25,Store_A,995.17
2023-08-26,Store_A,1241.71
2023-08-27,Store_A,1192.92
2023-08-28,Store_A,1010.71
2023-08-29,Store_A,1107.84
2023-08-30,Store_A,1018.32
2023-08-31,Store_A,1037.51
2023-09-01,Store_A,939.35
2023-09-02,Store_A,1231.84
2023-09-03,Store_A,1141.17
2023-09-04,Store_A,1016.17
2023-09-05,Store_A,965.39
2023-09-06,Store_A,966.14
2023-09-07,Store_A,983.22
2023-09-08,Store_A,1065.81
2023-09-09,Store_A,1204.64
2023-09-10,Store_A,1225.45
2023-09-11,Store_A,934.08
2023-09-12,Store_A,976.56
2023-09-13,Store_A,1026.57
2023-09-14,Store_A,987.88
2023-09-15,Store_A,952.26
2023-09-16,Store_A,1207.21
2023-09-17,Store_A,1232.93
2023-09-18,Store_A,974.48
2023-09-19,Store_A,982.65
2023-09-20,Store_A,1001.59
2023-09-21,Store_A,935.97
2023-09-22,Store_A,980.79
2023-09-23,Store_A,1211.81
2023-09-24,Store_A,1203.77
2023-09-25,Store_A,966.61
2023-09-26,Store_A,1027.76
2023-09-27,Store_A,946.94
2023-09-28,Store_A,993.4
2023-09-29,Store_A,959.16
2023-09-30,Store_A,1231.19
2023-10-01,Store_A,1178.38
2023-10-02,Store_A,967.13
2023-10-03,Store_A,962.83
2023-10-04,Store_A,992.41
2023-10-05,Store_A,1055.55
2023-10-06,Store_A,1041.35
2023-10-07,Store_A,1208.75
2023-10-08,Store_A,1173.09
2023-10-09,Store_A,979.75
2023-10-10,Store_A,923.82
2023-10-11,Store_A,1042.08
2023-10-12,Store_A,986.37
2023-10-13,Store_A,1071.61
2023-10-14,Store_A,1278.33
2023-10-15,Store_A,1134.69
2023-10-16,Store_A,1008.35
2023-10-17,Store_A,1004.82
2023-10-18,Store_A,1008.17
2023-10-19,Store_A,918.38
2023-10-20,Store_A,968.84
2023-10-21,Store_A,1204.19
2023-10-22,Store_A,1236.75
2023-10-23,Store_A,1043.84
2023-10-24,Store_A,953.71
2023-10-25,Store_A,950.25
2023-10-26,Store_A,952.68
2023-10-27,Store_A,1063.72
2023-10-28,Store_A,1200.47
2023-10-29,Store_A,1267.07
2023-10-30,Store_A,975.99
2023-10-31,Store_A,936.13
2023-11-01,Store_A,1042.42
2023-11-02,Store_A,995.21
2023-11-03,Store_A,1014.12
2023-11-04,Store_A,1186.57
2023-11-05,Store_A,1175.87
2023-11-06,Store_A,939.23
2023-11-07,Store_A,1050.27
2023-11-08,Store_A,999.02
2023-11-09,Store_A,1055.98
2023-11-10,Store_A,1010.96
2023-11-11,Store_A,1231.2
2023-11-12,Store_A,1201.49
2023-11-13,Store_A,1010.05
2023-11-14,Store_A,1105.37
2023-11-15,Store_A,1005.19
2023-11-16,Store_A,1032.98
2023-11-17,Store_A,943.74
2023-11-18,Store_A,1164.61
2023-11-19,Store_A,1119.81
2023-11-20,Store_A,1071.95
2023-11-21,Store_A,944.02
2023-11-22,Store_A,1013.41
2023-11-23,Store_A,1029.23
2023-11-24,Store_A,954.45
2023-11-25,Store_A,1191.53
2023-11-26,Store_A,1193.5
2023-11-27,Store_A,948.32
2023-11-28,Store_A,955.55
2023-11-29,Store_A,1054.81
2023-11-30,Store_A,945.64
2023-12-01,Store_A,1096.39
2023-12-02,Store_A,1229.05
2023-12-03,Store_A,1233.37
2023-12-04,Store_A,1044.14
2023-12-05,Store_A,1028.93
2023-12-06,Store_A,996.53
2023-12-07,Store_A,1060.83
2023-12-08,Store_A,1005.87
2023-12-09,Store_A,1197.64
2023-12-10,Store_A,1141.62
2023-12-11,Store_A,926.34
2023-12-12,Store_A,997.92
2023-12-13,Store_A,1046.18
2023-12-14,Store_A,922.42
2023-12-15,Store_A,1016.76
2023-12-16,Store_A,1214.97
2023-12-17,Store_A,1135.48
2023-12-18,Store_A,1059.77
2023-12-19,Store_A,1046.39
2023-12-20,Store_A,1036.16
2023-12-21,Store_A,967.33
2023-12-22,Store_A,1017.93
2023-12-23,Store_A,1220.75
2023-12-24,Store_A,1224.99
2023-12-25,Store_A,1010.72
2023-12-26,Store_A,987.55
2023-12-27,Store_A,922.56
2023-12-28,Store_A,1083.02
2023-12-29,Store_A,962.89
2023-12-30,Store_A,1160.88
2023-12-31,Store_A,1232.6
2023-01-01,Store_B,1697.08
2023-01-02,Store_B,1520.02
2023-01-03,Store_B,1501.3
2023-01-04,Store_B,1543.04
2023-01-05,Store_B,1454.54
2023-01-06,Store_B,1541.04
2023-01-07,Store_B,1752.6
2023-01-08,Store_B,1684.62
2023-01-09,Store_B,1489.84
2023-01-10,Store_B,1496.29
2023-01-11,Store_B,1536.52
2023-01-12,Store_B,1553.71
2023-01-13,Store_B,1474.55
2023-01-14,Store_B,1702.34
2023-01-15,Store_B,1755.64
2023-01-16,Store_B,1599.27
2023-01-17,Store_B,1552.85
2023-01-18,Store_B,1473.29
2023-01-19,Store_B,1500.51
2023-01-20,Store_B,1551.54
2023-01-21,Store_B,1733.35
2023-01-22,Store_B,1662.4
2023-01-23,Store_B,1498.17
2023-01-24,Store_B,1493.34
2023-01-25,Store_B,1498.62
2023-01-26,Store_B,1496.51
2023-01-27,Store_B,1517.13
2023-01-28,Store_B,1709.41
2023-01-29,Store_B,1703.2
2023-01-30,Store_B,1526.01
2023-01-31,Store_B,1528.46
2023-02-01,Store_B,1556.69
2023-02-02,Store_B,1444.26
2023-02-03,Store_B,1454.98
2023-02-04,Store_B,1717.0
2023-02-05,Store_B,1719.47
2023-02-06,Store_B,1512.61
2023-02-07,Store_B,1515.43
2023-02-08,Store_B,1479.67
2023-02-09,Store_B,1582.57
2023-02-10,Store_B,1504.0
2023-02-11,Store_B,1742.61
2023-02-12,Store_B,1701.66
2023-02-13,Store_B,1561.73
2023-02-14,Store_B,1487.9
2023-02-15,Store_B,1534.29
2023-02-16,Store_B,1445.95
2023-02-17,Store_B,1547.77
2023-02-18,Store_B,1643.84
2023-02-19,Store_B,1717.75
2023-02-20,Store_B,1462.9
2023-02-21,Store_B,1518.25
2023-02-22,Store_B,1413.38
2023-02-23,Store_B,1591.39
2023-02-24,Store_B,1564.37
2023-02-25,Store_B,1668.51
2023-02-26,Store_B,1623.74
2023-02-27,Store_B,1484.35
2023-02-28,Store_B,1456.69
2023-03-01,Store_B,1577.87
2023-03-02,Store_B,1449.7
2023-03-03,Store_B,1477.86
2023-03-04,Store_B,1733.1
2023-03-05,Store_B,1596.2
2023-03-06,Store_B,1587.89
2023-03-07,Store_B,1555.71
2023-03-08,Store_B,1524.83
2023-03-09,Store_B,1528.65
2023-03-10,Store_B,1465.9
2023-03-11,Store_B,1748.25
2023-03-12,Store_B,1764.23
2023-03-13,Store_B,1470.22
2023-03-14,Store_B,1442.38
2023-03-15,Store_B,1487.85
2023-03-16,Store_B,1492.52
2023-03-17,Store_B,1459.22
2023-03-18,Store_B,1653.11
2023-03-19,Store_B,1748.36
2023-03-20,Store_B,1547.66
2023-03-21,Store_B,1480.09
2023-03-22,Store_B,1509.08
2023-03-23,Store_B,1487.15
2023-03-24,Store_B,1481.5
2023-03-25,Store_B,1695.4
2023-03-26,Store_B,1659.17
2023-03-27,Store_B,1547.7
2023-03-28,Store_B,1501.03
2023-03-29,Store_B,1559.56
2023-03-30,Store_B,1432.4
2023-03-31,Store_B,1400.26
2023-04-01,Store_B,1653.27
2023-04-02,Store_B,1634.73
2023-04-03,Store_B,1469.84
2023-04-04,Store_B,1525.05
2023-04-05,Store_B,1509.39
2023-04-06,Store_B,1412.34
2023-04-07,Store_B,1543.61
2023-04-08,Store_B,1695.53
2023-04-09,Store_B,1558.11
2023-04-10,Store_B,1567.93
2023-04-11,Store_B,1451.39
2023-04-12,Store_B,1432.72
2023-04-13,Store_B,1418.01
2023-04-14,Store_B,1541.75
2023-04-15,Store_B,1655.24
2023-04-16,Store_B,1745.81
2023-04-17,Store_B,1526.14
2023-04-18,Store_B,1516.29
2023-04-19,Store_B,1445.59
2023-04-20,Store_B,1455.8
2023-04-21,Store_B,1563.07
2023-04-22,Store_B,1693.09
2023-04-23,Store_B,1687.17
2023-04-24,Store_B,1406.83
2023-04-25,Store_B,1547.13
2023-04-26,Store_B,1520.6
2023-04-27,Store_B,1457.1
2023-04-28,Store_B,1469.2
2023-04-29,Store_B,1714.9
2023-04-30,Store_B,1642.78
2023-05-01,Store_B,1505.53
2023-05-02,Store_B,1471.14
2023-05-03,Store_B,1501.23
2023-05-04,Store_B,1458.9
2023-05-05,Store_B,1570.84
2023-05-06,Store_B,1720.34
2023-05-07,Store_B,1721.51
2023-05-08,Store_B,1492.68
2023-05-09,Store_B,1538.22
2023-05-10,Store_B,1500.68
2023-05-11,Store_B,1450.84
2023-05-12,Store_B,1577.73
2023-05-13,Store_B,1655.28
2023-05-14,Store_B,1754.21
2023-05-15,Store_B,1519.08
2023-05-16,Store_B,1498.68
2023-05-17,Store_B,1546.6
2023-05-18,Store_B,1540.53
2023-05-19,Store_B,1497.77
2023-05-20,Store_B,1641.91
2023-05-21,Store_B,1787.94
2023-05-22,Store_B,1499.26
2023-05-23,Store_B,1510.5
2023-05-24,Store_B,1534.11
2023-05-25,Store_B,1481.67
2023-05-26,Store_B,1500.67
2023-05-27,Store_B,1669.56
2023-05-28,Store_B,1747.24
2023-05-29,Store_B,1468.51
2023-05-30,Store_B,1602.26
2023-05-31,Store_B,1524.7
2023-06-01,Store_B,1482.53
2023-06-02,Store_B,1539.1
2023-06-03,Store_B,1722.21
2023-06-04,Store_B,1706.85
2023-06-05,Store_B,1521.79
2023-06-06,Store_B,1426.81
2023-06-07,Store_B,1520.01
2023-06-08,Store_B,1474.47
2023-06-09,Store_B,1531.95
2023-06-10,Store_B,1687.41
2023-06-11,Store_B,1722.79
2023-06-12,Store_B,1479.82
2023-06-13,Store_B,1474.8
2023-06-14,Store_B,1504.7
2023-06-15,Store_B,1539.15
2023-06-16,Store_B,1513.45
2023-06-17,Store_B,1686.08
2023-06-18,Store_B,1691.43
2023-06-19,Store_B,1491.69
2023-06-20,Store_B,1522.61
2023-06-21,Store_B,1496.29
2023-06-22,Store_B,1371.82
2023-06-23,Store_B,1505.39
2023-06-24,Store_B,1653.93
2023-06-25,Store_B,1620.95
2023-06-26,Store_B,1448.23
2023-06-27,Store_B,1499.04
2023-06-28,Store_B,1561.77
2023-06-29,Store_B,1587.72
2023-06-30,Store_B,1508.57
2023-07-01,Store_B,1660.08
2023-07-02,Store_B,1706.85
2023-07-03,Store_B,1388.54
2023-07-04,Store_B,1494.95
2023-07-05,Store_B,1532.93
2023-07-06,Store_B,1582.58
2023-07-07,Store_B,1607.0
2023-07-08,Store_B,1607.61
2023-07-09,Store_B,1766.13
2023-07-10,Store_B,1530.84
2023-07-11,Store_B,1395.63
2023-07-12,Store_B,1546.04
2023-07-13,Store_B,1464.42
2023-07-14,Store_B,1466.47
2023-07-15,Store_B,1732.55
2023-07-16,Store_B,1694.03
2023-07-17,Store_B,1566.83
2023-07-18,Store_B,1475.57
2023-07-19,Store_B,1528.63
2023-07-20,Store_B,1479.24
2023-07-21,Store_B,1500.56
2023-07-22,Store_B,1721.93
2023-07-23,Store_B,1713.34
2023-07-24,Store_B,1560.41
2023-07-25,Store_B,1472.45
2023-07-26,Store_B,1464.51
2023-07-27,Store_B,1497.5
2023-07-28,Store_B,1404.23
2023-07-29,Store_B,1711.17
2023-07-30,Store_B,1638.86
2023-07-31,Store_B,1486.95
2023-08-01,Store_B,1428.26
2023-08-02,Store_B,1518.84
2023-08-03,Store_B,1589.29
2023-08-04,Store_B,1473.0
2023-08-05,Store_B,1704.3
2023-08-06,Store_B,1704.47
2023-08-07,Store_B,1495.51
2023-08-08,Store_B,1519.14
2023-08-09,Store_B,1460.28
2023-08-10,Store_B,1524.37
2023-08-11,Store_B,1531.46
2023-08-12,Store_B,1719.59
2023-08-13,Store_B,1649.69
2023-08-14,Store_B,1554.28
2023-08-15,Store_B,1527.35
2023-08-16,Store_B,1441.8
2023-08-17,Store_B,1472.33
2023-08-18,Store_B,1412.2
2023-08-19,Store_B,1638.12
2023-08-20,Store_B,1708.24
2023-08-21,Store_B,1522.11
2023-08-22,Store_B,1511.86
2023-08-23,Store_B,1554.99
2023-08-24,Store_B,1514.85
2023-08-25,Store_B,1545.37
2023-08-26,Store_B,1670.92
2023-08-27,Store_B,1725.3
2023-08-28,Store_B,1615.04
2023-08-29,Store_B,1510.55
2023-08-30,Store_B,1499.03
2023-08-31,Store_B,1475.71
2023-09-01,Store_B,1472.93
2023-09-02,Store_B,1759.42
2023-09-03,Store_B,1750.98
2023-09-04,Store_B,1502.29
2023-09-05,Store_B,1431.59
2023-09-06,Store_B,1535.04
2023-09-07,Store_B,1493.31
2023-09-08,Store_B,1440.24
2023-09-09,Store_B,1720.58
2023-09-10,Store_B,1599.45
2023-09-11,Store_B,1558.68
2023-09-12,Store_B,1466.73
2023-09-13,Store_B,1505.15
2023-09-14,Store_B,1459.4
2023-09-15,Store_B,1550.68
2023-09-16,Store_B,1736.94
2023-09-17,Store_B,1755.48
2023-09-18,Store_B,1477.73
2023-09-19,Store_B,1427.64
2023-09-20,Store_B,1518.44
2023-09-21,Store_B,1471.65
2023-09-22,Store_B,1490.38
2023-09-23,Store_B,1738.07
2023-09-24,Store_B,1707.35
2023-09-25,Store_B,1402.23
2023-09-26,Store_B,1439.24
2023-09-27,Store_B,1525.48
2023-09-28,Store_B,1521.61
2023-09-29,Store_B,1509.42
2023-09-30,Store_B,1723.88
2023-10-01,Store_B,1668.61
2023-10-02,Store_B,1592.63
2023-10-03,Store_B,1557.74
2023-10-04,Store_B,1567.79
2023-10-05,Store_B,1555.58
2023-10-06,Store_B,1529.01
2023-10-07,Store_B,1706.29
2023-10-08,Store_B,1686.5
2023-10-09,Store_B,1499.08
2023-10-10,Store_B,1520.85
2023-10-11,Store_B,1513.75
2023-10-12,Store_B,1497.76
2023-10-13,Store_B,1551.85
2023-10-14,Store_B,1671.28
2023-10-15,Store_B,1625.02
2023-10-16,Store_B,1484.62
2023-10-17,Store_B,1645.96
2023-10-18,Store_B,1549.57
2023-10-19,Store_B,1461.11
2023-10-20,Store_B,1621.42
2023-10-21,Store_B,1793.87
2023-10-22,Store_B,1702.24
2023-10-23,Store_B,1558.51
2023-10-24,Store_B,1514.98
2023-10-25,Store_B,1457.91
2023-10-26,Store_B,1492.67
2023-10-27,Store_B,1500.35
2023-10-28,Store_B,1626.02
2023-10-29,Store_B,1719.19
2023-10-30,Store_B,1592.62
2023-10-31,Store_B,1488.21
2023-11-01,Store_B,1495.57
2023-11-02,Store_B,1559.15
2023-11-03,Store_B,1558.65
2023-11-04,Store_B,1635.65
2023-11-05,Store_B,1695.62
2023-11-06,Store_B,1463.93
2023-11-07,Store_B,1406.42
2023-11-08,Store_B,1384.43
2023-11-09,Store_B,1567.52
2023-11-10,Store_B,1496.64
2023-11-11,Store_B,1692.22
2023-11-12,Store_B,1620.95
2023-11-13,Store_B,1496.03
2023-11-14,Store_B,1408.73
2023-11-15,Store_B,1553.64
2023-11-16,Store_B,1530.95
2023-11-17,Store_B,1501.35
2023-11-18,Store_B,1660.62
2023-11-19,Store_B,1735.44
2023-11-20,Store_B,1403.58
2023-11-21,Store_B,1441.72
2023-11-22,Store_B,1475.52
2023-11-23,Store_B,1463.38
2023-11-24,Store_B,1442.65
2023-11-25,Store_B,1688.72
2023-11-26,Store_B,1723.55
2023-11-27,Store_B,1523.94
2023-11-28,Store_B,1498.82
2023-11-29,Store_B,1458.69
2023-11-30,Store_B,1506.99
2023-12-01,Store_B,1454.39
2023-12-02,Store_B,1746.39
2023-12-03,Store_B,1731.42
2023-12-04,Store_B,1484.94
2023-12-05,Store_B,1596.54
2023-12-06,Store_B,1510.66
2023-12-07,Store_B,1488.35
2023-12-08,Store_B,1444.07
2023-12-09,Store_B,1644.78
2023-12-10,Store_B,1656.91
2023-12-11,Store_B,1571.4
2023-12-12,Store_B,1635.42
2023-12-13,Store_B,1489.29
2023-12-14,Store_B,1504.89
2023-12-15,Store_B,1417.7
2023-12-16,Store_B,1700.89
2023-12-17,Store_B,1690.21
2023-12-18,Store_B,1467.09
2023-12-19,Store_B,1419.83
2023-12-20,Store_B,1513.87
2023-12-21,Store_B,1458.56
2023-12-22,Store_B,1484.75
2023-12-23,Store_B,1706.91
2023-12-24,Store_B,1713.91
2023-12-25,Store_B,1578.41
2023-12-26,Store_B,1566.83
2023-12-27,Store_B,1506.48
2023-12-28,Store_B,1473.32
2023-12-29,Store_B,1562.08
2023-12-30,Store_B,1623.02
2023-12-31,Store_B,1732.34
